real,predicha,casos
general_quirky,qa_factoid,11
general_quirky,news_query,10
play_radio,play_music,10
general_quirky,calendar_query,9
calendar_set,calendar_query,8
play_game,play_music,7
calendar_query,calendar_set,7
qa_factoid,general_quirky,6
datetime_convert,datetime_query,5
news_query,general_quirky,5
calendar_query,recommendation_events,5
iot_hue_lightoff,iot_hue_lightdim,4
play_audiobook,play_music,4
play_music,music_likeness,4
email_sendemail,email_addcontact,4
news_query,qa_stock,4
general_quirky,weather_query,4
takeaway_query,takeaway_order,4
general_quirky,qa_definition,3
weather_query,general_quirky,3
music_settings,play_music,3
email_sendemail,email_query,3
iot_hue_lighton,iot_hue_lightup,3
calendar_set,calendar_remove,3
email_query,email_sendemail,3
music_likeness,play_music,3
calendar_query,news_query,3
qa_factoid,email_querycontact,3
lists_createoradd,email_addcontact,3
play_music,music_settings,3
play_music,play_radio,3
qa_definition,general_quirky,3
audio_volume_other,audio_volume_up,3
qa_factoid,calendar_query,3
general_quirky,lists_query,3
play_music,play_game,3
transport_ticket,transport_query,3
transport_query,email_querycontact,3
iot_wemo_off,iot_hue_lightoff,3
recommendation_events,calendar_query,3
music_query,play_radio,3
general_quirky,recommendation_locations,3
general_quirky,cooking_recipe,3
lists_remove,calendar_remove,3
qa_definition,qa_factoid,2
lists_query,calendar_query,2
calendar_query,general_quirky,2
recommendation_events,recommendation_locations,2
lists_createoradd,cooking_recipe,2
qa_factoid,weather_query,2
recommendation_events,general_quirky,2
play_podcasts,play_radio,2
play_podcasts,play_music,2
news_query,recommendation_events,2
news_query,qa_factoid,2
calendar_query,datetime_query,2
social_post,general_quirky,2
alarm_query,alarm_set,2
lists_query,lists_createoradd,2
play_music,play_audiobook,2
social_query,news_query,2
iot_hue_lightdim,iot_hue_lightchange,2
takeaway_query,general_quirky,2
lists_query,email_querycontact,2
social_post,calendar_set,2
general_quirky,play_audiobook,2
audio_volume_up,audio_volume_mute,2
calendar_set,news_query,2
general_quirky,social_query,2
general_quirky,music_likeness,2
general_quirky,recommendation_events,2
email_query,general_quirky,2
recommendation_movies,general_quirky,2
calendar_set,alarm_set,2
weather_query,news_query,2
recommendation_locations,transport_query,2
transport_query,transport_traffic,2
play_podcasts,play_audiobook,2
qa_factoid,transport_query,2
iot_hue_lightup,iot_hue_lightchange,2
transport_query,recommendation_locations,2
transport_query,general_quirky,1
play_music,general_quirky,1
email_query,news_query,1
music_likeness,qa_currency,1
email_query,email_querycontact,1
music_likeness,recommendation_events,1
music_likeness,general_quirky,1
email_query,weather_query,1
email_query,qa_factoid,1
transport_query,qa_factoid,1
music_likeness,news_query,1
play_music,cooking_recipe,1
datetime_query,weather_query,1
play_music,music_query,1
iot_coffee,music_settings,1
play_game,play_audiobook,1
play_game,play_radio,1
lists_remove,lists_createoradd,1
recommendation_movies,recommendation_events,1
recommendation_movies,recommendation_locations,1
recommendation_movies,play_game,1
music_query,music_likeness,1
audio_volume_mute,lists_remove,1
music_query,qa_factoid,1
play_podcasts,lists_createoradd,1
play_podcasts,iot_wemo_on,1
play_podcasts,audio_volume_mute,1
lists_query,takeaway_query,1
lists_query,general_quirky,1
play_game,general_quirky,1
calendar_set,alarm_remove,1
calendar_set,play_music,1
calendar_set,lists_createoradd,1
calendar_set,general_quirky,1
qa_factoid,music_query,1
qa_factoid,play_radio,1
qa_factoid,qa_definition,1
qa_factoid,news_query,1
qa_factoid,recommendation_locations,1
alarm_set,alarm_remove,1
alarm_set,calendar_set,1
alarm_set,general_quirky,1
social_post,calendar_query,1
social_post,social_query,1
social_post,play_audiobook,1
social_post,audio_volume_up,1
qa_factoid,general_joke,1
calendar_query,recommendation_locations,1
transport_query,transport_ticket,1
weather_query,transport_query,1
general_quirky,lists_createoradd,1
general_quirky,play_radio,1
general_quirky,play_music,1
general_quirky,calendar_set,1
general_quirky,play_game,1
general_quirky,recommendation_movies,1
weather_query,transport_traffic,1
weather_query,qa_factoid,1
general_quirky,transport_traffic,1
audio_volume_up,general_quirky,1
email_addcontact,email_querycontact,1
email_addcontact,email_sendemail,1
takeaway_order,cooking_recipe,1
takeaway_order,lists_query,1
email_querycontact,calendar_query,1
email_querycontact,transport_taxi,1
general_quirky,iot_hue_lightup,1
general_quirky,transport_ticket,1
iot_hue_lightup,iot_hue_lightoff,1
general_greet,calendar_query,1
datetime_query,datetime_convert,1
iot_hue_lightchange,general_quirky,1
iot_hue_lightchange,iot_hue_lightup,1
iot_hue_lightchange,music_likeness,1
takeaway_query,news_query,1
qa_stock,general_quirky,1
qa_stock,news_query,1
recommendation_events,recommendation_movies,1
cooking_recipe,lists_createoradd,1
music_dislikeness,music_settings,1
music_dislikeness,calendar_remove,1
music_dislikeness,music_likeness,1
music_dislikeness,play_music,1
cooking_recipe,iot_hue_lightchange,1
cooking_recipe,general_quirky,1
cooking_recipe,takeaway_order,1
iot_hue_lightup,iot_hue_lightdim,1
recommendation_locations,recommendation_movies,1
iot_hue_lightoff,general_quirky,1
email_sendemail,transport_query,1
iot_hue_lightdim,iot_hue_lightoff,1
datetime_query,calendar_query,1
calendar_query,social_query,1
calendar_query,transport_taxi,1
calendar_query,recommendation_movies,1
calendar_query,lists_query,1
email_sendemail,qa_stock,1
iot_cleaning,audio_volume_mute,1
calendar_remove,lists_remove,1
audio_volume_down,audio_volume_up,1
datetime_convert,play_radio,1
datetime_convert,qa_maths,1
qa_maths,general_quirky,1
qa_maths,play_audiobook,1
qa_maths,email_sendemail,1
qa_maths,qa_factoid,1
iot_hue_lightdim,iot_hue_lightup,1
audio_volume_other,play_audiobook,1
play_audiobook,general_quirky,1
iot_wemo_on,play_radio,1
play_audiobook,audio_volume_mute,1
play_audiobook,play_podcasts,1
lists_createoradd,general_quirky,1
lists_createoradd,lists_query,1
news_query,qa_currency,1
news_query,social_query,1
news_query,calendar_query,1
iot_wemo_on,iot_coffee,1
music_settings,audio_volume_mute,1
general_joke,general_quirky,1
general_joke,social_post,1
qa_definition,qa_stock,1
qa_definition,news_query,1
social_query,calendar_query,1
social_query,email_query,1
music_settings,play_radio,1
lists_query,social_post,1
