,precision,recall,f1-score,support
datetime_query,0.9239130434782609,0.9659090909090909,0.9444444444444444,88.0
iot_hue_lightchange,0.868421052631579,0.9166666666666666,0.8918918918918919,36.0
transport_ticket,0.9411764705882353,0.9142857142857143,0.927536231884058,35.0
takeaway_query,0.9655172413793104,0.8,0.875,35.0
qa_stock,0.8,0.9230769230769231,0.8571428571428571,26.0
general_greet,0.0,0.0,0.0,1.0
recommendation_events,0.7608695652173914,0.813953488372093,0.7865168539325843,43.0
music_dislikeness,0.0,0.0,0.0,4.0
iot_wemo_off,1.0,0.8333333333333334,0.9090909090909091,18.0
cooking_recipe,0.9066666666666666,0.9444444444444444,0.9251700680272109,72.0
qa_currency,0.9512195121951219,1.0,0.975,39.0
transport_traffic,0.7894736842105263,1.0,0.8823529411764706,15.0
general_quirky,0.7019867549668874,0.6272189349112426,0.6625,169.0
weather_query,0.9487179487179487,0.9487179487179487,0.9487179487179487,156.0
audio_volume_up,0.6666666666666666,0.7692307692307693,0.7142857142857143,13.0
email_addcontact,0.5882352941176471,0.8333333333333334,0.6896551724137931,12.0
takeaway_order,0.8,0.9090909090909091,0.851063829787234,22.0
email_querycontact,0.7058823529411765,0.9230769230769231,0.8,26.0
iot_hue_lightup,0.7931034482758621,0.8518518518518519,0.8214285714285714,27.0
recommendation_locations,0.7368421052631579,0.9032258064516129,0.8115942028985508,31.0
play_audiobook,0.7727272727272727,0.8292682926829268,0.8,41.0
lists_createoradd,0.8205128205128205,0.8205128205128205,0.8205128205128205,39.0
news_query,0.8120300751879699,0.8709677419354839,0.8404669260700389,124.0
alarm_query,1.0,0.9411764705882353,0.9696969696969697,34.0
iot_wemo_on,0.8888888888888888,0.8,0.8421052631578947,10.0
general_joke,0.9444444444444444,0.8947368421052632,0.918918918918919,19.0
qa_definition,0.9259259259259259,0.8771929824561403,0.9009009009009009,57.0
social_query,0.8076923076923077,0.84,0.8235294117647058,25.0
music_settings,0.16666666666666666,0.16666666666666666,0.16666666666666666,6.0
audio_volume_other,1.0,0.3333333333333333,0.5,6.0
calendar_remove,0.9041095890410958,0.9850746268656716,0.9428571428571428,67.0
iot_hue_lightdim,0.7727272727272727,0.8095238095238095,0.7906976744186046,21.0
calendar_query,0.7669172932330827,0.8095238095238095,0.7876447876447876,126.0
email_sendemail,0.9545454545454546,0.9210526315789473,0.9375,114.0
iot_cleaning,1.0,0.9615384615384616,0.9803921568627451,26.0
audio_volume_down,1.0,0.9090909090909091,0.9523809523809523,11.0
play_radio,0.8157894736842105,0.8611111111111112,0.8378378378378378,72.0
cooking_query,,,,0.0
datetime_convert,0.8888888888888888,0.5333333333333333,0.6666666666666666,15.0
qa_maths,0.9545454545454546,0.84,0.8936170212765957,25.0
iot_hue_lightoff,0.8837209302325582,0.8837209302325582,0.8837209302325582,43.0
iot_hue_lighton,0.0,0.0,0.0,3.0
transport_query,0.82,0.803921568627451,0.8118811881188119,51.0
music_likeness,0.7631578947368421,0.8055555555555556,0.7837837837837838,36.0
email_query,0.9649122807017544,0.9243697478991597,0.944206008583691,119.0
play_music,0.8315789473684211,0.8977272727272727,0.8633879781420765,176.0
audio_volume_mute,0.8378378378378378,0.96875,0.8985507246376812,32.0
social_post,0.9733333333333334,0.9012345679012346,0.9358974358974359,81.0
alarm_set,0.9047619047619048,0.926829268292683,0.9156626506024096,41.0
qa_factoid,0.8561151079136691,0.8439716312056738,0.85,141.0
calendar_set,0.945273631840796,0.9090909090909091,0.926829268292683,209.0
play_game,0.8333333333333334,0.7142857142857143,0.7692307692307693,35.0
alarm_remove,0.9130434782608695,1.0,0.9545454545454546,21.0
lists_remove,0.96,0.9230769230769231,0.9411764705882353,52.0
transport_taxi,0.92,1.0,0.9583333333333334,23.0
recommendation_movies,0.7894736842105263,0.75,0.7692307692307693,20.0
iot_coffee,0.9722222222222222,0.9722222222222222,0.9722222222222222,36.0
music_query,0.9375,0.8571428571428571,0.8955223880597015,35.0
play_podcasts,0.9818181818181818,0.8571428571428571,0.9152542372881356,63.0
lists_query,0.875,0.8235294117647058,0.8484848484848485,51.0
